{"cameraMode":{"drawMode":0,"name":"Shaded","section":"Shading Mode"},"sceneLighting":true,"audioPlay":false,"sceneViewState":{"m_AlwaysRefresh":false,"showFog":true,"showSkybox":true,"showFlares":true,"showImageEffects":true,"showParticleSystems":true,"showVisualEffectGraphs":true,"m_FxEnabled":true},"in2DMode":false,"pivot":{"x":3.9007487297058107,"y":-1.308703899383545,"z":0.0023543015122413637},"rotation":{"x":-0.0038283902686089279,"y":0.9569217562675476,"z":-0.29005473852157595,"w":-0.012631917372345925},"size":3.4445736408233644,"orthographic":false}